title,stem,txt,conllu,jsonl,word_count
הידבקות ועיגון של מוטות פלדה לבטון שלב א חלק 1,101 הידבקות ועיגון של מוטות פלדה לבטון שלב א חלק 1,txt\__parsed__\101 הידבקות ועיגון של מוטות פלדה לבטון שלב א חלק 1.txt,,X:\Data\Research Projects\corpus_architecture\processing\jsonl\101 הידבקות ועיגון של מוטות פלדה לבטון שלב א חלק 1.conllu,6405.0
מכניזם הסדיקה של בטון ובטון מזויין שלב א חלק 1,102 מכניזם הסדיקה של בטון ובטון מזויין שלב א חלק 1,txt\__parsed__\102 מכניזם הסדיקה של בטון ובטון מזויין שלב א חלק 1.txt,,X:\Data\Research Projects\corpus_architecture\processing\jsonl\102 מכניזם הסדיקה של בטון ובטון מזויין שלב א חלק 1.conllu,3433.0
הנחיות לתכן קירות טרומים המשולבים בשלד יצוק באתר,103 הנחיות לתכן קירות טרומים המשולבים בשלד יצוק באתר,txt\__parsed__\103 הנחיות לתכן קירות טרומים המשולבים בשלד יצוק באתר.txt,,X:\Data\Research Projects\corpus_architecture\processing\jsonl\103 הנחיות לתכן קירות טרומים המשולבים בשלד יצוק באתר.conllu,2064.0
מכניזם הסדיקה של בטון ובטון מזויין שלב א חלק 2,104 מכניזם הסדיקה של בטון ובטון מזויין שלב א חלק 2,txt\__parsed__\104 מכניזם הסדיקה של בטון ובטון מזויין שלב א חלק 2.txt,,X:\Data\Research Projects\corpus_architecture\processing\jsonl\104 מכניזם הסדיקה של בטון ובטון מזויין שלב א חלק 2.conllu,1547.0
הנחיות ונתונים לניהול ותיקצוב עבודות אחזקה בבנייה,111 הנחיות ונתונים לניהול ותיקצוב עבודות אחזקה בבנייה,txt\__parsed__\111 הנחיות ונתונים לניהול ותיקצוב עבודות אחזקה בבנייה.txt,,X:\Data\Research Projects\corpus_architecture\processing\jsonl\111 הנחיות ונתונים לניהול ותיקצוב עבודות אחזקה בבנייה.conllu,4359.0
סקר אגפי אחזקה במוסדות ציבור שונים,112 סקר אגפי אחזקה במוסדות ציבור שונים,txt\__parsed__\112 סקר אגפי אחזקה במוסדות ציבור שונים.txt,,X:\Data\Research Projects\corpus_architecture\processing\jsonl\112 סקר אגפי אחזקה במוסדות ציבור שונים.conllu,5741.0
רצפות יצוקות פיתוח ואיפיון רצפות מתפלסות מעצמן,115 רצפות יצוקות פיתוח ואיפיון רצפות מתפלסות מעצמן,txt\__parsed__\115 רצפות יצוקות פיתוח ואיפיון רצפות מתפלסות מעצמן.txt,,X:\Data\Research Projects\corpus_architecture\processing\jsonl\115 רצפות יצוקות פיתוח ואיפיון רצפות מתפלסות מעצמן.conllu,9750.0
רוויזיה של חוקת הבטון תי 466,118 רוויזיה של חוקת הבטון תי 466,txt\__parsed__\118 רוויזיה של חוקת הבטון תי 466.txt,,X:\Data\Research Projects\corpus_architecture\processing\jsonl\118 רוויזיה של חוקת הבטון תי 466.conllu,5960.0
מוספים לבטון כתחליף לעובי כיסוי מוגדל כהגנה בפני קורוזיה,125 מוספים לבטון כתחליף לעובי כיסוי מוגדל כהגנה בפני קורוזיה,txt\__parsed__\125 מוספים לבטון כתחליף לעובי כיסוי מוגדל כהגנה בפני קורוזיה.txt,,X:\Data\Research Projects\corpus_architecture\processing\jsonl\125 מוספים לבטון כתחליף לעובי כיסוי מוגדל כהגנה בפני קורוזיה.conllu,10222.0
בדיקת כדאיות השימוש במצנני מדבר מול השימוש במזגני אוויר בעיר אילת,126 בדיקת כדאיות השימוש במצנני מדבר מול השימוש במזגני אוויר בעיר אילת,txt\__parsed__\126 בדיקת כדאיות השימוש במצנני מדבר מול השימוש במזגני אוויר בעיר אילת.txt,,X:\Data\Research Projects\corpus_architecture\processing\jsonl\126 בדיקת כדאיות השימוש במצנני מדבר מול השימוש במזגני אוויר בעיר אילת.conllu,6406.0
תכן מבנים לרעידות אדמה הצעה לתקן,127 תכן מבנים לרעידות אדמה הצעה לתקן,txt\__parsed__\127 תכן מבנים לרעידות אדמה הצעה לתקן.txt,,X:\Data\Research Projects\corpus_architecture\processing\jsonl\127 תכן מבנים לרעידות אדמה הצעה לתקן.conllu,9544.0
קיצור משך הבנייה למגורים חלק א - איתור גורמי עיכוב מרכזיים,131 קיצור משך הבנייה למגורים חלק א - איתור גורמי עיכוב מרכזיים,txt\__parsed__\131 קיצור משך הבנייה למגורים חלק א - איתור גורמי עיכוב מרכזיים.txt,,X:\Data\Research Projects\corpus_architecture\processing\jsonl\131 קיצור משך הבנייה למגורים חלק א - איתור גורמי עיכוב מרכזיים.conllu,8294.0
הגורמים המשפיעים על הסדיקה בטיח חוץ (שלב ב'),133 הגורמים המשפיעים על הסדיקה בטיח חוץ (שלב ב'),txt\__parsed__\133 הגורמים המשפיעים על הסדיקה בטיח חוץ (שלב ב').txt,,X:\Data\Research Projects\corpus_architecture\processing\jsonl\133 הגורמים המשפיעים על הסדיקה בטיח חוץ (שלב ב').conllu,6913.0
שיפור המשיכות של בטונים בעלי חוזק גבוה,148 שיפור המשיכות של בטונים בעלי חוזק גבוה,txt\__parsed__\148 שיפור המשיכות של בטונים בעלי חוזק גבוה.txt,,X:\Data\Research Projects\corpus_architecture\processing\jsonl\148 שיפור המשיכות של בטונים בעלי חוזק גבוה.conllu,20723.0
השימוש במערכות בדידות לבקרת רעידות מבנים הנפעלים לעומס דינמי,150 השימוש במערכות בדידות לבקרת רעידות מבנים הנפעלים לעומס דינמי,txt\__parsed__\150 השימוש במערכות בדידות לבקרת רעידות מבנים הנפעלים לעומס דינמי.txt,,X:\Data\Research Projects\corpus_architecture\processing\jsonl\150 השימוש במערכות בדידות לבקרת רעידות מבנים הנפעלים לעומס דינמי.conllu,4601.0
בחינה כלכלית הנדסית של בניינים עם שלד פלדה שלב א,153 בחינה כלכלית הנדסית של בניינים עם שלד פלדה שלב א,txt\__parsed__\153 בחינה כלכלית הנדסית של בניינים עם שלד פלדה שלב א.txt,,X:\Data\Research Projects\corpus_architecture\processing\jsonl\153 בחינה כלכלית הנדסית של בניינים עם שלד פלדה שלב א.conllu,4914.0
פרוייקט הקורוזיה של מוטות זיון בבטון בסביבה ימית המשך מעקב אחר התחלת הקורוזיה של מוטות זיון,157 פרוייקט הקורוזיה של מוטות זיון בבטון בסביבה ימית המשך מעקב אחר התחלת הקורוזיה של מוטות זיון,txt\__parsed__\157 פרוייקט הקורוזיה של מוטות זיון בבטון בסביבה ימית המשך מעקב אחר התחלת הקורוזיה של מוטות זיון.txt,,X:\Data\Research Projects\corpus_architecture\processing\jsonl\157 פרוייקט הקורוזיה של מוטות זיון בבטון בסביבה ימית המשך מעקב אחר התחלת הקורוזיה של מוטות זיון.conllu,2167.0
פרוייקט הקורוזיה של מוטות זיון בבטון בסביבה ימית המשך מעקב אחר התחלת הקורוזיה של מוטות זיון - דוחות 5 ו6,157 פרוייקט הקורוזיה של מוטות זיון בבטון בסביבה ימית המשך מעקב אחר התחלת הקורוזיה של מוטות זיון - דוחות 5 ו6,txt\__parsed__\157 פרוייקט הקורוזיה של מוטות זיון בבטון בסביבה ימית המשך מעקב אחר התחלת הקורוזיה של מוטות זיון - דוחות 5 ו6.txt,,X:\Data\Research Projects\corpus_architecture\processing\jsonl\157 פרוייקט הקורוזיה של מוטות זיון בבטון בסביבה ימית המשך מעקב אחר התחלת הקורוזיה של מוטות זיון - דוחות 5 ו6.conllu,3806.0
התנהגות מחזורית של צמתי קורה עמוד מבטון מזויין מתוקנים באפוקסי,159 התנהגות מחזורית של צמתי קורה עמוד מבטון מזויין מתוקנים באפוקסי,txt\__parsed__\159 התנהגות מחזורית של צמתי קורה עמוד מבטון מזויין מתוקנים באפוקסי.txt,,X:\Data\Research Projects\corpus_architecture\processing\jsonl\159 התנהגות מחזורית של צמתי קורה עמוד מבטון מזויין מתוקנים באפוקסי.conllu,4697.0
זיהוי ואיפיון נזקים במבנים,163 זיהוי ואיפיון נזקים במבנים,txt\__parsed__\163 זיהוי ואיפיון נזקים במבנים.txt,,X:\Data\Research Projects\corpus_architecture\processing\jsonl\163 זיהוי ואיפיון נזקים במבנים.conllu,6833.0
חיזוי התפקוד והקיימות של אגרגטי טרצו,168 חיזוי התפקוד והקיימות של אגרגטי טרצו,txt\__parsed__\168 חיזוי התפקוד והקיימות של אגרגטי טרצו.txt,,X:\Data\Research Projects\corpus_architecture\processing\jsonl\168 חיזוי התפקוד והקיימות של אגרגטי טרצו.conllu,4694.0
חומרים צמנטיים משוריינים לבנייה קלה פיקוח וקריטריונים לאיפיון תפקודם לאורך זמן,170 חומרים צמנטיים משוריינים לבנייה קלה פיקוח וקריטריונים לאיפיון תפקודם לאורך זמן,txt\__parsed__\170 חומרים צמנטיים משוריינים לבנייה קלה פיקוח וקריטריונים לאיפיון תפקודם לאורך זמן.txt,,X:\Data\Research Projects\corpus_architecture\processing\jsonl\170 חומרים צמנטיים משוריינים לבנייה קלה פיקוח וקריטריונים לאיפיון תפקודם לאורך זמן.conllu,6115.0
ייצור של בטון מתפלס הנחיות לייצור ולביצוע של משטחים מישוריים,171 ייצור של בטון מתפלס הנחיות לייצור ולביצוע של משטחים מישוריים,txt\__parsed__\171 ייצור של בטון מתפלס הנחיות לייצור ולביצוע של משטחים מישוריים.txt,,X:\Data\Research Projects\corpus_architecture\processing\jsonl\171 ייצור של בטון מתפלס הנחיות לייצור ולביצוע של משטחים מישוריים.conllu,2085.0
השוואת שיטת הבדיקה החישובית של ההתנגדות התרמית של קירות בני עם תוצאות מבדיקות מעבדה,172 השוואת שיטת הבדיקה החישובית של ההתנגדות התרמית של קירות בני עם תוצאות מבדיקות מעבדה,txt\__parsed__\172 השוואת שיטת הבדיקה החישובית של ההתנגדות התרמית של קירות בני עם תוצאות מבדיקות מעבדה.txt,,X:\Data\Research Projects\corpus_architecture\processing\jsonl\172 השוואת שיטת הבדיקה החישובית של ההתנגדות התרמית של קירות בני עם תוצאות מבדיקות מעבדה.conllu,3067.0
שיפור הפריון באתרי בנייה עי שכלול העגורן,177 שיפור הפריון באתרי בנייה עי שכלול העגורן,txt\__parsed__\177 שיפור הפריון באתרי בנייה עי שכלול העגורן.txt,,X:\Data\Research Projects\corpus_architecture\processing\jsonl\177 שיפור הפריון באתרי בנייה עי שכלול העגורן.conllu,11277.0
מעקב אחרי המצב התרמי בדירות מגורים שניבנות לפי התקן החדש תי 1045,181 מעקב אחרי המצב התרמי בדירות מגורים שניבנות לפי התקן החדש תי 1045,txt\__parsed__\181 מעקב אחרי המצב התרמי בדירות מגורים שניבנות לפי התקן החדש תי 1045.txt,,X:\Data\Research Projects\corpus_architecture\processing\jsonl\181 מעקב אחרי המצב התרמי בדירות מגורים שניבנות לפי התקן החדש תי 1045.conllu,6341.0
"מקלט קבע מתועש מהיר הקמה שלבים א,ב","184 מקלט קבע מתועש מהיר הקמה שלבים א,ב","txt\__parsed__\184 מקלט קבע מתועש מהיר הקמה שלבים א,ב.txt",,"X:\Data\Research Projects\corpus_architecture\processing\jsonl\184 מקלט קבע מתועש מהיר הקמה שלבים א,ב.conllu",4686.0
תהליך תכנון הביצוע ותוצריו שלב א נסיונן של חברות מצויינות,186 תהליך תכנון הביצוע ותוצריו שלב א נסיונן של חברות מצויינות,txt\__parsed__\186 תהליך תכנון הביצוע ותוצריו שלב א נסיונן של חברות מצויינות.txt,,X:\Data\Research Projects\corpus_architecture\processing\jsonl\186 תהליך תכנון הביצוע ותוצריו שלב א נסיונן של חברות מצויינות.conllu,9279.0
איפיון התכונות של עץ לשימושים הנדסיים,188 איפיון התכונות של עץ לשימושים הנדסיים,txt\__parsed__\188 איפיון התכונות של עץ לשימושים הנדסיים.txt,,X:\Data\Research Projects\corpus_architecture\processing\jsonl\188 איפיון התכונות של עץ לשימושים הנדסיים.conllu,8469.0
הדמייה של תנועת עשן וחום בבניינים ישראליים,191 הדמייה של תנועת עשן וחום בבניינים ישראליים,txt\__parsed__\191 הדמייה של תנועת עשן וחום בבניינים ישראליים.txt,,X:\Data\Research Projects\corpus_architecture\processing\jsonl\191 הדמייה של תנועת עשן וחום בבניינים ישראליים.conllu,13124.0
תחזוקה וחידוש ציפויי קיר חיצוניים של מבנים ישנים שלב ב,192 תחזוקה וחידוש ציפויי קיר חיצוניים של מבנים ישנים שלב ב,txt\__parsed__\192 תחזוקה וחידוש ציפויי קיר חיצוניים של מבנים ישנים שלב ב.txt,,X:\Data\Research Projects\corpus_architecture\processing\jsonl\192 תחזוקה וחידוש ציפויי קיר חיצוניים של מבנים ישנים שלב ב.conllu,7021.0
פיתוח מערכת ממוחשבת לתכנון ותכן של ביניינים שלב א כרך א,194 פיתוח מערכת ממוחשבת לתכנון ותכן של ביניינים שלב א כרך א,txt\__parsed__\194 פיתוח מערכת ממוחשבת לתכנון ותכן של ביניינים שלב א כרך א.txt,,X:\Data\Research Projects\corpus_architecture\processing\jsonl\194 פיתוח מערכת ממוחשבת לתכנון ותכן של ביניינים שלב א כרך א.conllu,16221.0
כמויות ועלויות של הקמת מערכות תשתית עירוניות,196 כמויות ועלויות של הקמת מערכות תשתית עירוניות,txt\__parsed__\196 כמויות ועלויות של הקמת מערכות תשתית עירוניות.txt,,X:\Data\Research Projects\corpus_architecture\processing\jsonl\196 כמויות ועלויות של הקמת מערכות תשתית עירוניות.conllu,2333.0
"פיתוח מערכת ממוחשבת לתכנון ותכן תיפקודי של בניינים שלבים ב,ג","203 פיתוח מערכת ממוחשבת לתכנון ותכן תיפקודי של בניינים שלבים ב,ג","txt\__parsed__\203 פיתוח מערכת ממוחשבת לתכנון ותכן תיפקודי של בניינים שלבים ב,ג.txt",,"X:\Data\Research Projects\corpus_architecture\processing\jsonl\203 פיתוח מערכת ממוחשבת לתכנון ותכן תיפקודי של בניינים שלבים ב,ג.conllu",27182.0
תכונות אקוסטיות של אלמנטים במבנים עם קונסטרוקציות פלדה,204 תכונות אקוסטיות של אלמנטים במבנים עם קונסטרוקציות פלדה,txt\__parsed__\204 תכונות אקוסטיות של אלמנטים במבנים עם קונסטרוקציות פלדה.txt,,X:\Data\Research Projects\corpus_architecture\processing\jsonl\204 תכונות אקוסטיות של אלמנטים במבנים עם קונסטרוקציות פלדה.conllu,6177.0
תהליך התכנון של פרוייקטי בנייה חלק א מעורבות בעשיית החלטות התכנון,219 תהליך התכנון של פרוייקטי בנייה חלק א מעורבות בעשיית החלטות התכנון,txt\__parsed__\219 תהליך התכנון של פרוייקטי בנייה חלק א מעורבות בעשיית החלטות התכנון.txt,,X:\Data\Research Projects\corpus_architecture\processing\jsonl\219 תהליך התכנון של פרוייקטי בנייה חלק א מעורבות בעשיית החלטות התכנון.conllu,21469.0
אלמנטי חיבור והקשחה במבני פלדה דוח מס 1 מחבר קורה עמוד ואלכסון,223 אלמנטי חיבור והקשחה במבני פלדה דוח מס 1 מחבר קורה עמוד ואלכסון,txt\__parsed__\223 אלמנטי חיבור והקשחה במבני פלדה דוח מס 1 מחבר קורה עמוד ואלכסון.txt,,X:\Data\Research Projects\corpus_architecture\processing\jsonl\223 אלמנטי חיבור והקשחה במבני פלדה דוח מס 1 מחבר קורה עמוד ואלכסון.conllu,4301.0
תשתית לתקינה בתחום הניהול של עבודות אחזקה שלב א,226 תשתית לתקינה בתחום הניהול של עבודות אחזקה שלב א,txt\__parsed__\226 תשתית לתקינה בתחום הניהול של עבודות אחזקה שלב א.txt,,X:\Data\Research Projects\corpus_architecture\processing\jsonl\226 תשתית לתקינה בתחום הניהול של עבודות אחזקה שלב א.conllu,6491.0
חקר רעש אינסטלצית מים,230 חקר רעש אינסטלצית מים,txt\__parsed__\230 חקר רעש אינסטלצית מים.txt,,X:\Data\Research Projects\corpus_architecture\processing\jsonl\230 חקר רעש אינסטלצית מים.conllu,4927.0
תיעוש עבודות אינסטלציה שלב ב',231 תיעוש עבודות אינסטלציה שלב ב',txt\__parsed__\231 תיעוש עבודות אינסטלציה שלב ב'.txt,,X:\Data\Research Projects\corpus_architecture\processing\jsonl\231 תיעוש עבודות אינסטלציה שלב ב'.conllu,6326.0
סקר ובחינה השוואתית של צנרת אינסטלציה סניטרית במבנה מגורים,233 סקר ובחינה השוואתית של צנרת אינסטלציה סניטרית במבנה מגורים,txt\__parsed__\233 סקר ובחינה השוואתית של צנרת אינסטלציה סניטרית במבנה מגורים.txt,,X:\Data\Research Projects\corpus_architecture\processing\jsonl\233 סקר ובחינה השוואתית של צנרת אינסטלציה סניטרית במבנה מגורים.conllu,11090.0
בחינת צרכי הכשרת כח אדם בתחום הנדסת מערכות תברואה,237 בחינת צרכי הכשרת כח אדם בתחום הנדסת מערכות תברואה,txt\__parsed__\237 בחינת צרכי הכשרת כח אדם בתחום הנדסת מערכות תברואה.txt,,X:\Data\Research Projects\corpus_architecture\processing\jsonl\237 בחינת צרכי הכשרת כח אדם בתחום הנדסת מערכות תברואה.conllu,8305.0
הערכת איכות התפקוד בפועל של מחיצות וחיפויי גבס בבנייני מגורים,238 הערכת איכות התפקוד בפועל של מחיצות וחיפויי גבס בבנייני מגורים,txt\__parsed__\238 הערכת איכות התפקוד בפועל של מחיצות וחיפויי גבס בבנייני מגורים.txt,,X:\Data\Research Projects\corpus_architecture\processing\jsonl\238 הערכת איכות התפקוד בפועל של מחיצות וחיפויי גבס בבנייני מגורים.conllu,6910.0
התנהגות מובל תת קרקעי דוח מסכם שלב ב,239 התנהגות מובל תת קרקעי דוח מסכם שלב ב,txt\__parsed__\239 התנהגות מובל תת קרקעי דוח מסכם שלב ב.txt,,X:\Data\Research Projects\corpus_architecture\processing\jsonl\239 התנהגות מובל תת קרקעי דוח מסכם שלב ב.conllu,3761.0
מערכת אוטומטית לתכן ראשוני של מבנה,240 מערכת אוטומטית לתכן ראשוני של מבנה,txt\__parsed__\240 מערכת אוטומטית לתכן ראשוני של מבנה.txt,,X:\Data\Research Projects\corpus_architecture\processing\jsonl\240 מערכת אוטומטית לתכן ראשוני של מבנה.conllu,5984.0
התנהגות מבנה מתקרות שטוחות ברעידות אדמה,243 התנהגות מבנה מתקרות שטוחות ברעידות אדמה,txt\__parsed__\243 התנהגות מבנה מתקרות שטוחות ברעידות אדמה.txt,,X:\Data\Research Projects\corpus_architecture\processing\jsonl\243 התנהגות מבנה מתקרות שטוחות ברעידות אדמה.conllu,27890.0
מודלים לחיזוי התנהגות לא אלסטית של מבנים לרעידות אדמה,244 מודלים לחיזוי התנהגות לא אלסטית של מבנים לרעידות אדמה,txt\__parsed__\244 מודלים לחיזוי התנהגות לא אלסטית של מבנים לרעידות אדמה.txt,,X:\Data\Research Projects\corpus_architecture\processing\jsonl\244 מודלים לחיזוי התנהגות לא אלסטית של מבנים לרעידות אדמה.conllu,12334.0
פיתוח מערכות פנל מרוכבות מפח-בטון כמעטפת ממוגנת,245 פיתוח מערכות פנל מרוכבות מפח-בטון כמעטפת ממוגנת,txt\__parsed__\245 פיתוח מערכות פנל מרוכבות מפח-בטון כמעטפת ממוגנת.txt,,X:\Data\Research Projects\corpus_architecture\processing\jsonl\245 פיתוח מערכות פנל מרוכבות מפח-בטון כמעטפת ממוגנת.conllu,3099.0
רצפה צפה עם מדה דקה תכונות אקוסטיות ומכניות,248 רצפה צפה עם מדה דקה תכונות אקוסטיות ומכניות,txt\__parsed__\248 רצפה צפה עם מדה דקה תכונות אקוסטיות ומכניות.txt,,X:\Data\Research Projects\corpus_architecture\processing\jsonl\248 רצפה צפה עם מדה דקה תכונות אקוסטיות ומכניות.conllu,4718.0
מדריך לחישוב שילובי העומסים לפי תי 412 החדש,249 מדריך לחישוב שילובי העומסים לפי תי 412 החדש,txt\__parsed__\249 מדריך לחישוב שילובי העומסים לפי תי 412 החדש.txt,,X:\Data\Research Projects\corpus_architecture\processing\jsonl\249 מדריך לחישוב שילובי העומסים לפי תי 412 החדש.conllu,3587.0
מערכת אוטומטית של מבנים גבוהים,251 מערכת אוטומטית של מבנים גבוהים,txt\__parsed__\251 מערכת אוטומטית של מבנים גבוהים.txt,,X:\Data\Research Projects\corpus_architecture\processing\jsonl\251 מערכת אוטומטית של מבנים גבוהים.conllu,49491.0
תכנון וביצוע פרוייקטי בנייה בעזרת מחשב(תיבמ) מערכת לתכנון וייצור ברזל זיון,252 תכנון וביצוע פרוייקטי בנייה בעזרת מחשב(תיבמ) מערכת לתכנון וייצור ברזל זיון,txt\__parsed__\252 תכנון וביצוע פרוייקטי בנייה בעזרת מחשב(תיבמ) מערכת לתכנון וייצור ברזל זיון.txt,,X:\Data\Research Projects\corpus_architecture\processing\jsonl\252 תכנון וביצוע פרוייקטי בנייה בעזרת מחשב(תיבמ) מערכת לתכנון וייצור ברזל זיון.conllu,14592.0
פיתוח מערכת מומחה לתכן טפסות המבוססות על מגדלי תמיכה שלב א' ניתוח מבנים ופתרונות ורכישת ידע,260 פיתוח מערכת מומחה לתכן טפסות המבוססות על מגדלי תמיכה שלב א' ניתוח מבנים ופתרונות ורכישת ידע,txt\__parsed__\260 פיתוח מערכת מומחה לתכן טפסות המבוססות על מגדלי תמיכה שלב א' ניתוח מבנים ופתרונות ורכישת ידע.txt,,X:\Data\Research Projects\corpus_architecture\processing\jsonl\260 פיתוח מערכת מומחה לתכן טפסות המבוססות על מגדלי תמיכה שלב א' ניתוח מבנים ופתרונות ורכישת ידע.conllu,9625.0
מתרסים אקוסטיים להגנה בפני רעש תחבורה,263 מתרסים אקוסטיים להגנה בפני רעש תחבורה,txt\__parsed__\263 מתרסים אקוסטיים להגנה בפני רעש תחבורה.txt,,X:\Data\Research Projects\corpus_architecture\processing\jsonl\263 מתרסים אקוסטיים להגנה בפני רעש תחבורה.conllu,7781.0
מחקר בנושא של סביבת ידע ממוחשבת- ספריות ממוחשבות של ידע טכנולוגי בבנייה,264 מחקר בנושא של סביבת ידע ממוחשבת- ספריות ממוחשבות של ידע טכנולוגי בבנייה,txt\__parsed__\264 מחקר בנושא של סביבת ידע ממוחשבת- ספריות ממוחשבות של ידע טכנולוגי בבנייה.txt,,X:\Data\Research Projects\corpus_architecture\processing\jsonl\264 מחקר בנושא של סביבת ידע ממוחשבת- ספריות ממוחשבות של ידע טכנולוגי בבנייה.conllu,15774.0
ניהול פרוייקטים בבנייה מנקודת מבטו של היזם - חלק א עקרונות וסיפורי הצלחה,265 ניהול פרוייקטים בבנייה מנקודת מבטו של היזם - חלק א עקרונות וסיפורי הצלחה,txt\__parsed__\265 ניהול פרוייקטים בבנייה מנקודת מבטו של היזם - חלק א עקרונות וסיפורי הצלחה.txt,,X:\Data\Research Projects\corpus_architecture\processing\jsonl\265 ניהול פרוייקטים בבנייה מנקודת מבטו של היזם - חלק א עקרונות וסיפורי הצלחה.conllu,16419.0
היבטים כלכליים של תכן רעידות אדמה בתנאים מקומיים חלק ב- דוח המחקר,276 היבטים כלכליים של תכן רעידות אדמה בתנאים מקומיים חלק ב- דוח המחקר,txt\__parsed__\276 היבטים כלכליים של תכן רעידות אדמה בתנאים מקומיים חלק ב- דוח המחקר.txt,,X:\Data\Research Projects\corpus_architecture\processing\jsonl\276 היבטים כלכליים של תכן רעידות אדמה בתנאים מקומיים חלק ב- דוח המחקר.conllu,36092.0
פיתוח מערכות פנל מרוכבות מפח-בטון כמעטפת ממוגנת- שלב ב',277 פיתוח מערכות פנל מרוכבות מפח-בטון כמעטפת ממוגנת- שלב ב',txt\__parsed__\277 פיתוח מערכות פנל מרוכבות מפח-בטון כמעטפת ממוגנת- שלב ב'.txt,,X:\Data\Research Projects\corpus_architecture\processing\jsonl\277 פיתוח מערכות פנל מרוכבות מפח-בטון כמעטפת ממוגנת- שלב ב'.conllu,6597.0
השוואת שיטות לחיפוי קירות חוץ בבנייה,278 השוואת שיטות לחיפוי קירות חוץ בבנייה,txt\__parsed__\278 השוואת שיטות לחיפוי קירות חוץ בבנייה.txt,,X:\Data\Research Projects\corpus_architecture\processing\jsonl\278 השוואת שיטות לחיפוי קירות חוץ בבנייה.conllu,26633.0
"מערכת לתכנון אריחים אוטומטי, להפקה אוטומטי של נתוני תכנון הביצוע ולביצוע באמצעות רובוט","279 מערכת לתכנון אריחים אוטומטי, להפקה אוטומטי של נתוני תכנון הביצוע ולביצוע באמצעות רובוט","txt\__parsed__\279 מערכת לתכנון אריחים אוטומטי, להפקה אוטומטי של נתוני תכנון הביצוע ולביצוע באמצעות רובוט.txt",,"X:\Data\Research Projects\corpus_architecture\processing\jsonl\279 מערכת לתכנון אריחים אוטומטי, להפקה אוטומטי של נתוני תכנון הביצוע ולביצוע באמצעות רובוט.conllu",9074.0
התנהגות קירות גזירה מבטון מזויין,280 התנהגות קירות גזירה מבטון מזויין,txt\__parsed__\280 התנהגות קירות גזירה מבטון מזויין.txt,,X:\Data\Research Projects\corpus_architecture\processing\jsonl\280 התנהגות קירות גזירה מבטון מזויין.conllu,4163.0
מניעת התמוטטות שרשרת במבני עמודים,284 מניעת התמוטטות שרשרת במבני עמודים,txt\__parsed__\284 מניעת התמוטטות שרשרת במבני עמודים.txt,,X:\Data\Research Projects\corpus_architecture\processing\jsonl\284 מניעת התמוטטות שרשרת במבני עמודים.conllu,5730.0
התנהגות מבנים אסימטריים ברעידות אדמה - היבטים הקשורים לתקינה,301 התנהגות מבנים אסימטריים ברעידות אדמה - היבטים הקשורים לתקינה,txt\__parsed__\301 התנהגות מבנים אסימטריים ברעידות אדמה - היבטים הקשורים לתקינה.txt,,X:\Data\Research Projects\corpus_architecture\processing\jsonl\301 התנהגות מבנים אסימטריים ברעידות אדמה - היבטים הקשורים לתקינה.conllu,3616.0
יישום מערכת מבוססת תיבם לייצור פלדת זיון,306 יישום מערכת מבוססת תיבם לייצור פלדת זיון,txt\__parsed__\306 יישום מערכת מבוססת תיבם לייצור פלדת זיון.txt,,X:\Data\Research Projects\corpus_architecture\processing\jsonl\306 יישום מערכת מבוססת תיבם לייצור פלדת זיון.conllu,4575.0
שקיעות דיפרנציאליות במסגרות מבטון מזויין - מחקר גישוש - שלב א',312 שקיעות דיפרנציאליות במסגרות מבטון מזויין - מחקר גישוש - שלב א',txt\__parsed__\312 שקיעות דיפרנציאליות במסגרות מבטון מזויין - מחקר גישוש - שלב א'.txt,,X:\Data\Research Projects\corpus_architecture\processing\jsonl\312 שקיעות דיפרנציאליות במסגרות מבטון מזויין - מחקר גישוש - שלב א'.conllu,2846.0
יהול פרוייקטים בבנייה מנקודת מבטו של היזם חלק ב- עקרונות תכנון פרוייקטים בתנאי אי וודאות,313 יהול פרוייקטים בבנייה מנקודת מבטו של היזם חלק ב- עקרונות תכנון פרוייקטים בתנאי אי וודאות,txt\__parsed__\313 יהול פרוייקטים בבנייה מנקודת מבטו של היזם חלק ב- עקרונות תכנון פרוייקטים בתנאי אי וודאות.txt,,X:\Data\Research Projects\corpus_architecture\processing\jsonl\313 יהול פרוייקטים בבנייה מנקודת מבטו של היזם חלק ב- עקרונות תכנון פרוייקטים בתנאי אי וודאות.conllu,12704.0
"מקלט מהיר מתועש מהיר הקמה- שלבים א,ב","316 מקלט מהיר מתועש מהיר הקמה- שלבים א,ב","txt\__parsed__\316 מקלט מהיר מתועש מהיר הקמה- שלבים א,ב.txt",,"X:\Data\Research Projects\corpus_architecture\processing\jsonl\316 מקלט מהיר מתועש מהיר הקמה- שלבים א,ב.conllu",5831.0
קביעת האיזור האקלימי עבור ישובים שבטיפול משרד הבינוי והשיכון,317 קביעת האיזור האקלימי עבור ישובים שבטיפול משרד הבינוי והשיכון,txt\__parsed__\317 קביעת האיזור האקלימי עבור ישובים שבטיפול משרד הבינוי והשיכון.txt,,X:\Data\Research Projects\corpus_architecture\processing\jsonl\317 קביעת האיזור האקלימי עבור ישובים שבטיפול משרד הבינוי והשיכון.conllu,2729.0
יישום בטונים בעלי חוזק רגיל וגבוה באימפקט- שלב א' תגובת עיסה צמנטית קשויה לעמיסה אימפולסיבית,319 יישום בטונים בעלי חוזק רגיל וגבוה באימפקט- שלב א' תגובת עיסה צמנטית קשויה לעמיסה אימפולסיבית,txt\__parsed__\319 יישום בטונים בעלי חוזק רגיל וגבוה באימפקט- שלב א' תגובת עיסה צמנטית קשויה לעמיסה אימפולסיבית.txt,,X:\Data\Research Projects\corpus_architecture\processing\jsonl\319 יישום בטונים בעלי חוזק רגיל וגבוה באימפקט- שלב א' תגובת עיסה צמנטית קשויה לעמיסה אימפולסיבית.conllu,26440.0
בקרה סבילה ופעילה של מבנים גבוהים תחת רעידות אדמה- חלק ניסויי,326 בקרה סבילה ופעילה של מבנים גבוהים תחת רעידות אדמה- חלק ניסויי,txt\__parsed__\326 בקרה סבילה ופעילה של מבנים גבוהים תחת רעידות אדמה- חלק ניסויי.txt,,X:\Data\Research Projects\corpus_architecture\processing\jsonl\326 בקרה סבילה ופעילה של מבנים גבוהים תחת רעידות אדמה- חלק ניסויי.conllu,6014.0
התנהגות קורות פריקסט דרוכות בעקומה אופקית בהתחשבות בדפורמציות רוחביות,329 התנהגות קורות פריקסט דרוכות בעקומה אופקית בהתחשבות בדפורמציות רוחביות,txt\__parsed__\329 התנהגות קורות פריקסט דרוכות בעקומה אופקית בהתחשבות בדפורמציות רוחביות.txt,,X:\Data\Research Projects\corpus_architecture\processing\jsonl\329 התנהגות קורות פריקסט דרוכות בעקומה אופקית בהתחשבות בדפורמציות רוחביות.conllu,17244.0
סדיקת מבני בטון מזויין חשופים לקרינת השמש (שלב א),334 סדיקת מבני בטון מזויין חשופים לקרינת השמש (שלב א),txt\__parsed__\334 סדיקת מבני בטון מזויין חשופים לקרינת השמש (שלב א).txt,,X:\Data\Research Projects\corpus_architecture\processing\jsonl\334 סדיקת מבני בטון מזויין חשופים לקרינת השמש (שלב א).conllu,2732.0
התנהגות קירות זקפים במבני פלדה קלים בהעמסה אופקית,335 התנהגות קירות זקפים במבני פלדה קלים בהעמסה אופקית,txt\__parsed__\335 התנהגות קירות זקפים במבני פלדה קלים בהעמסה אופקית.txt,,X:\Data\Research Projects\corpus_architecture\processing\jsonl\335 התנהגות קירות זקפים במבני פלדה קלים בהעמסה אופקית.conllu,9115.0
היבטים כלכליים של שימוש במגדלי תמיכה בטפסות לבטון- מודל לקביעת תשומות עבודה בהקמה ופרוק של מגדלי תמיכה גבוהים,337 היבטים כלכליים של שימוש במגדלי תמיכה בטפסות לבטון- מודל לקביעת תשומות עבודה בהקמה ופרוק של מגדלי תמיכה גבוהים,txt\__parsed__\337 היבטים כלכליים של שימוש במגדלי תמיכה בטפסות לבטון- מודל לקביעת תשומות עבודה בהקמה ופרוק של מגדלי תמיכה גבוהים.txt,,X:\Data\Research Projects\corpus_architecture\processing\jsonl\337 היבטים כלכליים של שימוש במגדלי תמיכה בטפסות לבטון- מודל לקביעת תשומות עבודה בהקמה ופרוק של מגדלי תמיכה גבוהים.conllu,23969.0
דיור מוגן לקשישים קביעת הנחיות תכנון תפקודיות,339 דיור מוגן לקשישים קביעת הנחיות תכנון תפקודיות,txt\__parsed__\339 דיור מוגן לקשישים קביעת הנחיות תכנון תפקודיות.txt,,X:\Data\Research Projects\corpus_architecture\processing\jsonl\339 דיור מוגן לקשישים קביעת הנחיות תכנון תפקודיות.conllu,9081.0
פתרונות לריסון הולם בין בניינים סמוכים ברעידת אדמה,341 פתרונות לריסון הולם בין בניינים סמוכים ברעידת אדמה,txt\__parsed__\341 פתרונות לריסון הולם בין בניינים סמוכים ברעידת אדמה.txt,,X:\Data\Research Projects\corpus_architecture\processing\jsonl\341 פתרונות לריסון הולם בין בניינים סמוכים ברעידת אדמה.conllu,11591.0
דרישות עמידות אש בבניינים כרך א דוח סיכום שנה ראשונה,343 דרישות עמידות אש בבניינים כרך א דוח סיכום שנה ראשונה,txt\__parsed__\343 דרישות עמידות אש בבניינים כרך א דוח סיכום שנה ראשונה.txt,,X:\Data\Research Projects\corpus_architecture\processing\jsonl\343 דרישות עמידות אש בבניינים כרך א דוח סיכום שנה ראשונה.conllu,6101.0
נזקים לשלד מבנה הנובעים משקיעות דיפרנציאליות - שלב א',346 נזקים לשלד מבנה הנובעים משקיעות דיפרנציאליות - שלב א',txt\__parsed__\346 נזקים לשלד מבנה הנובעים משקיעות דיפרנציאליות - שלב א'.txt,,X:\Data\Research Projects\corpus_architecture\processing\jsonl\346 נזקים לשלד מבנה הנובעים משקיעות דיפרנציאליות - שלב א'.conllu,3536.0
כשל מבנים נקודות תורפה ודרכי מניעה,347 כשל מבנים נקודות תורפה ודרכי מניעה,txt\__parsed__\347 כשל מבנים נקודות תורפה ודרכי מניעה.txt,,X:\Data\Research Projects\corpus_architecture\processing\jsonl\347 כשל מבנים נקודות תורפה ודרכי מניעה.conllu,26952.0
התנהגות בניינים וגשרים ברעידת אדמה של NORTHRIDGE ב17.1.94 - סקר נזקים ולקחים לבנייה בישראל,348 התנהגות בניינים וגשרים ברעידת אדמה של NORTHRIDGE ב17.1.94 - סקר נזקים ולקחים לבנייה בישראל,txt\__parsed__\348 התנהגות בניינים וגשרים ברעידת אדמה של NORTHRIDGE ב17.1.94 - סקר נזקים ולקחים לבנייה בישראל.txt,,X:\Data\Research Projects\corpus_architecture\processing\jsonl\348 התנהגות בניינים וגשרים ברעידת אדמה של NORTHRIDGE ב17.1.94 - סקר נזקים ולקחים לבנייה בישראל.conllu,12017.0
חתכים מרוכבים למיגון - שלב א',351 חתכים מרוכבים למיגון - שלב א',txt\__parsed__\351 חתכים מרוכבים למיגון - שלב א'.txt,,X:\Data\Research Projects\corpus_architecture\processing\jsonl\351 חתכים מרוכבים למיגון - שלב א'.conllu,4974.0
תכן שגמי בטון,352 תכן שגמי בטון,txt\__parsed__\352 תכן שגמי בטון.txt,,X:\Data\Research Projects\corpus_architecture\processing\jsonl\352 תכן שגמי בטון.conllu,11756.0
בחינת מצב וצפי של צרכי המשק להכשרת כח אדם במקצועות הנדסת תברואה,353 בחינת מצב וצפי של צרכי המשק להכשרת כח אדם במקצועות הנדסת תברואה,txt\__parsed__\353 בחינת מצב וצפי של צרכי המשק להכשרת כח אדם במקצועות הנדסת תברואה.txt,,X:\Data\Research Projects\corpus_architecture\processing\jsonl\353 בחינת מצב וצפי של צרכי המשק להכשרת כח אדם במקצועות הנדסת תברואה.conllu,9635.0
יציבות סייסמית של מבנים אסימטריים,355 יציבות סייסמית של מבנים אסימטריים,txt\__parsed__\355 יציבות סייסמית של מבנים אסימטריים.txt,,X:\Data\Research Projects\corpus_architecture\processing\jsonl\355 יציבות סייסמית של מבנים אסימטריים.conllu,2202.0
תכן עמודים גבוהי-תמירות,358 תכן עמודים גבוהי-תמירות,txt\__parsed__\358 תכן עמודים גבוהי-תמירות.txt,,X:\Data\Research Projects\corpus_architecture\processing\jsonl\358 תכן עמודים גבוהי-תמירות.conllu,2580.0
אוטומציה כוללת של תכן ותכנון הבנייה - תיאור המערכת ובסיס הידע,360 אוטומציה כוללת של תכן ותכנון הבנייה - תיאור המערכת ובסיס הידע,txt\__parsed__\360 אוטומציה כוללת של תכן ותכנון הבנייה - תיאור המערכת ובסיס הידע.txt,,X:\Data\Research Projects\corpus_architecture\processing\jsonl\360 אוטומציה כוללת של תכן ותכנון הבנייה - תיאור המערכת ובסיס הידע.conllu,11338.0
הבטחת העמידות של ציפויי פנים בבנייה מוגנת,361 הבטחת העמידות של ציפויי פנים בבנייה מוגנת,txt\__parsed__\361 הבטחת העמידות של ציפויי פנים בבנייה מוגנת.txt,,X:\Data\Research Projects\corpus_architecture\processing\jsonl\361 הבטחת העמידות של ציפויי פנים בבנייה מוגנת.conllu,12171.0
"ניהול פרוייקטים בבנייה מנקודת מבטו של היזם חלק ג- מנהיגות, עבודת צוות ותקשורת","362 ניהול פרוייקטים בבנייה מנקודת מבטו של היזם חלק ג- מנהיגות, עבודת צוות ותקשורת","txt\__parsed__\362 ניהול פרוייקטים בבנייה מנקודת מבטו של היזם חלק ג- מנהיגות, עבודת צוות ותקשורת.txt",,"X:\Data\Research Projects\corpus_architecture\processing\jsonl\362 ניהול פרוייקטים בבנייה מנקודת מבטו של היזם חלק ג- מנהיגות, עבודת צוות ותקשורת.conllu",10850.0
אינטראקציה של מוט זיון מצולע עם בטון,364 אינטראקציה של מוט זיון מצולע עם בטון,txt\__parsed__\364 אינטראקציה של מוט זיון מצולע עם בטון.txt,,X:\Data\Research Projects\corpus_architecture\processing\jsonl\364 אינטראקציה של מוט זיון מצולע עם בטון.conllu,2332.0
שילוב אדם- מכונה בעבודות בניין,367 שילוב אדם- מכונה בעבודות בניין,txt\__parsed__\367 שילוב אדם- מכונה בעבודות בניין.txt,,X:\Data\Research Projects\corpus_architecture\processing\jsonl\367 שילוב אדם- מכונה בעבודות בניין.conllu,11182.0
זיון תלת מימדי מחומרים מרוכבים לבטון- ניתוח היבטי תכן וביצוע,370 זיון תלת מימדי מחומרים מרוכבים לבטון- ניתוח היבטי תכן וביצוע,txt\__parsed__\370 זיון תלת מימדי מחומרים מרוכבים לבטון- ניתוח היבטי תכן וביצוע.txt,,X:\Data\Research Projects\corpus_architecture\processing\jsonl\370 זיון תלת מימדי מחומרים מרוכבים לבטון- ניתוח היבטי תכן וביצוע.conllu,9689.0
פיצוח גישה להערכת עלות של נזקי רעידות אדמה וקריטריונים לחיזוק,372 פיצוח גישה להערכת עלות של נזקי רעידות אדמה וקריטריונים לחיזוק,txt\__parsed__\372 פיצוח גישה להערכת עלות של נזקי רעידות אדמה וקריטריונים לחיזוק.txt,,X:\Data\Research Projects\corpus_architecture\processing\jsonl\372 פיצוח גישה להערכת עלות של נזקי רעידות אדמה וקריטריונים לחיזוק.conllu,12779.0
השפעת מרווח יחסי מוגבל על התגובה הסייסמית של בניינים סמוכים,373 השפעת מרווח יחסי מוגבל על התגובה הסייסמית של בניינים סמוכים,txt\__parsed__\373 השפעת מרווח יחסי מוגבל על התגובה הסייסמית של בניינים סמוכים.txt,,X:\Data\Research Projects\corpus_architecture\processing\jsonl\373 השפעת מרווח יחסי מוגבל על התגובה הסייסמית של בניינים סמוכים.conllu,10194.0
בחינת התסבולת והתפקוד של צורות זיון חליפיות לחדירה,381 בחינת התסבולת והתפקוד של צורות זיון חליפיות לחדירה,txt\__parsed__\381 בחינת התסבולת והתפקוד של צורות זיון חליפיות לחדירה.txt,,X:\Data\Research Projects\corpus_architecture\processing\jsonl\381 בחינת התסבולת והתפקוד של צורות זיון חליפיות לחדירה.conllu,4850.0
פירים מרוכבים כמערכת הקשחה בבניינים גבוהים עם שלד פלדה - חלק 1 סקר ספרות,386 פירים מרוכבים כמערכת הקשחה בבניינים גבוהים עם שלד פלדה - חלק 1 סקר ספרות,txt\__parsed__\386 פירים מרוכבים כמערכת הקשחה בבניינים גבוהים עם שלד פלדה - חלק 1 סקר ספרות.txt,,X:\Data\Research Projects\corpus_architecture\processing\jsonl\386 פירים מרוכבים כמערכת הקשחה בבניינים גבוהים עם שלד פלדה - חלק 1 סקר ספרות.conllu,21204.0
חוזק החיבור של ציפויי קיר,387 חוזק החיבור של ציפויי קיר,txt\__parsed__\387 חוזק החיבור של ציפויי קיר.txt,,X:\Data\Research Projects\corpus_architecture\processing\jsonl\387 חוזק החיבור של ציפויי קיר.conllu,8707.0
גבול עליון של הזיון הלחוץ בחתכים מבטון מזוין המוטרחים בכפיפה,388 גבול עליון של הזיון הלחוץ בחתכים מבטון מזוין המוטרחים בכפיפה,txt\__parsed__\388 גבול עליון של הזיון הלחוץ בחתכים מבטון מזוין המוטרחים בכפיפה.txt,,X:\Data\Research Projects\corpus_architecture\processing\jsonl\388 גבול עליון של הזיון הלחוץ בחתכים מבטון מזוין המוטרחים בכפיפה.conllu,6327.0
צמצום נזקים לא מבניים ברעידות אדמה - התנהגות אלמנטים לא מבניים - סקר,389 צמצום נזקים לא מבניים ברעידות אדמה - התנהגות אלמנטים לא מבניים - סקר,txt\__parsed__\389 צמצום נזקים לא מבניים ברעידות אדמה - התנהגות אלמנטים לא מבניים - סקר.txt,,X:\Data\Research Projects\corpus_architecture\processing\jsonl\389 צמצום נזקים לא מבניים ברעידות אדמה - התנהגות אלמנטים לא מבניים - סקר.conllu,13409.0
השימוש בעגורנים מתנייעים בפרוייקטי בנייה,391 השימוש בעגורנים מתנייעים בפרוייקטי בנייה,txt\__parsed__\391 השימוש בעגורנים מתנייעים בפרוייקטי בנייה.txt,,X:\Data\Research Projects\corpus_architecture\processing\jsonl\391 השימוש בעגורנים מתנייעים בפרוייקטי בנייה.conllu,7249.0
"צמצום נזקים לא מבניים ברעידות אדמה - נזקי מעליות ברעידת האדמה של מפרץ אילת, 22.11.95","396 צמצום נזקים לא מבניים ברעידות אדמה - נזקי מעליות ברעידת האדמה של מפרץ אילת, 22.11.95","txt\__parsed__\396 צמצום נזקים לא מבניים ברעידות אדמה - נזקי מעליות ברעידת האדמה של מפרץ אילת, 22.11.95.txt",,"X:\Data\Research Projects\corpus_architecture\processing\jsonl\396 צמצום נזקים לא מבניים ברעידות אדמה - נזקי מעליות ברעידת האדמה של מפרץ אילת, 22.11.95.conllu",3688.0
תכן ממוחשב של מבנה - ההיבט הקונסטרוקטיבי,402 תכן ממוחשב של מבנה - ההיבט הקונסטרוקטיבי,txt\__parsed__\402 תכן ממוחשב של מבנה - ההיבט הקונסטרוקטיבי.txt,,X:\Data\Research Projects\corpus_architecture\processing\jsonl\402 תכן ממוחשב של מבנה - ההיבט הקונסטרוקטיבי.conllu,10153.0
מערך אינטגרטיבי לפיתוח פתרונות תיעוש ואוטומציה בבנייה,403 מערך אינטגרטיבי לפיתוח פתרונות תיעוש ואוטומציה בבנייה,txt\__parsed__\403 מערך אינטגרטיבי לפיתוח פתרונות תיעוש ואוטומציה בבנייה.txt,,X:\Data\Research Projects\corpus_architecture\processing\jsonl\403 מערך אינטגרטיבי לפיתוח פתרונות תיעוש ואוטומציה בבנייה.conllu,8249.0
הערכת התגובה של חתכי קרקע טיפוסיים בזמן רעידת אדמה,411 הערכת התגובה של חתכי קרקע טיפוסיים בזמן רעידת אדמה,txt\__parsed__\411 הערכת התגובה של חתכי קרקע טיפוסיים בזמן רעידת אדמה.txt,,X:\Data\Research Projects\corpus_architecture\processing\jsonl\411 הערכת התגובה של חתכי קרקע טיפוסיים בזמן רעידת אדמה.conllu,5611.0
שימוש בחול מחצבה כתשתית לעבודות ריצוף,413 שימוש בחול מחצבה כתשתית לעבודות ריצוף,txt\__parsed__\413 שימוש בחול מחצבה כתשתית לעבודות ריצוף.txt,,X:\Data\Research Projects\corpus_architecture\processing\jsonl\413 שימוש בחול מחצבה כתשתית לעבודות ריצוף.conllu,2120.0
מבנים פריסים לכיסוי שטח,414 מבנים פריסים לכיסוי שטח,txt\__parsed__\414 מבנים פריסים לכיסוי שטח.txt,,X:\Data\Research Projects\corpus_architecture\processing\jsonl\414 מבנים פריסים לכיסוי שטח.conllu,25547.0
תשומות עבודה בסוגים שונים של בנייה,418 תשומות עבודה בסוגים שונים של בנייה,txt\__parsed__\418 תשומות עבודה בסוגים שונים של בנייה.txt,,X:\Data\Research Projects\corpus_architecture\processing\jsonl\418 תשומות עבודה בסוגים שונים של בנייה.conllu,3516.0
מערכות ניהול איכות בבנייה - התווית דרכי יישום על סמך לקחים,420 מערכות ניהול איכות בבנייה - התווית דרכי יישום על סמך לקחים,txt\__parsed__\420 מערכות ניהול איכות בבנייה - התווית דרכי יישום על סמך לקחים.txt,,X:\Data\Research Projects\corpus_architecture\processing\jsonl\420 מערכות ניהול איכות בבנייה - התווית דרכי יישום על סמך לקחים.conllu,71614.0
תיעוש הבנייה - מכשולים ודרכי התמודדות,421 תיעוש הבנייה - מכשולים ודרכי התמודדות,txt\__parsed__\421 תיעוש הבנייה - מכשולים ודרכי התמודדות.txt,,X:\Data\Research Projects\corpus_architecture\processing\jsonl\421 תיעוש הבנייה - מכשולים ודרכי התמודדות.conllu,28325.0
בחינת התסבולת והתיפקוד של צורות זיון חלופיות לחדירה - שלב ב',424 בחינת התסבולת והתיפקוד של צורות זיון חלופיות לחדירה - שלב ב',txt\__parsed__\424 בחינת התסבולת והתיפקוד של צורות זיון חלופיות לחדירה - שלב ב'.txt,,X:\Data\Research Projects\corpus_architecture\processing\jsonl\424 בחינת התסבולת והתיפקוד של צורות זיון חלופיות לחדירה - שלב ב'.conllu,4026.0
מדריך לתכן מערכות עיגון,426 מדריך לתכן מערכות עיגון,txt\__parsed__\426 מדריך לתכן מערכות עיגון.txt,,X:\Data\Research Projects\corpus_architecture\processing\jsonl\426 מדריך לתכן מערכות עיגון.conllu,15727.0
חיזוק ותיקון מבני בטון מזויין באמצעות חומרים מרוכבים,432 חיזוק ותיקון מבני בטון מזויין באמצעות חומרים מרוכבים,txt\__parsed__\432 חיזוק ותיקון מבני בטון מזויין באמצעות חומרים מרוכבים.txt,,X:\Data\Research Projects\corpus_architecture\processing\jsonl\432 חיזוק ותיקון מבני בטון מזויין באמצעות חומרים מרוכבים.conllu,28054.0
אמינות של מערכות מעליות ברעידות אדמה- מחקר לקראת פרק סייסמי בתקן הישראלי למעליות תי 24 חלק 1,436 אמינות של מערכות מעליות ברעידות אדמה- מחקר לקראת פרק סייסמי בתקן הישראלי למעליות תי 24 חלק 1,txt\__parsed__\436 אמינות של מערכות מעליות ברעידות אדמה- מחקר לקראת פרק סייסמי בתקן הישראלי למעליות תי 24 חלק 1.txt,,X:\Data\Research Projects\corpus_architecture\processing\jsonl\436 אמינות של מערכות מעליות ברעידות אדמה- מחקר לקראת פרק סייסמי בתקן הישראלי למעליות תי 24 חלק 1.conllu,7677.0
בדיקת מודלים של כולנסאות בתנאי רעידות אדמה,437 בדיקת מודלים של כולנסאות בתנאי רעידות אדמה,txt\__parsed__\437 בדיקת מודלים של כולנסאות בתנאי רעידות אדמה.txt,,X:\Data\Research Projects\corpus_architecture\processing\jsonl\437 בדיקת מודלים של כולנסאות בתנאי רעידות אדמה.conllu,6561.0
השפעת תכונות הקרקע על התנהגות כלונסאות ברעידת אדמה,442 השפעת תכונות הקרקע על התנהגות כלונסאות ברעידת אדמה,txt\__parsed__\442 השפעת תכונות הקרקע על התנהגות כלונסאות ברעידת אדמה.txt,,X:\Data\Research Projects\corpus_architecture\processing\jsonl\442 השפעת תכונות הקרקע על התנהגות כלונסאות ברעידת אדמה.conllu,16912.0
"תשומות, תפוקות, ועלויות של מגדלי תמיכה גבוהים","444 תשומות, תפוקות, ועלויות של מגדלי תמיכה גבוהים","txt\__parsed__\444 תשומות, תפוקות, ועלויות של מגדלי תמיכה גבוהים.txt",,"X:\Data\Research Projects\corpus_architecture\processing\jsonl\444 תשומות, תפוקות, ועלויות של מגדלי תמיכה גבוהים.conllu",20624.0
חוזק החיבור של ציפויי קיר - שלב ב',445 חוזק החיבור של ציפויי קיר - שלב ב',txt\__parsed__\445 חוזק החיבור של ציפויי קיר - שלב ב'.txt,,X:\Data\Research Projects\corpus_architecture\processing\jsonl\445 חוזק החיבור של ציפויי קיר - שלב ב'.conllu,7675.0
יצירת ארכיון נתונים גמיש ומערכת קבלת החלטות לגבי הטיפול בבנייה לעמידה ברעידות אדמה,450 יצירת ארכיון נתונים גמיש ומערכת קבלת החלטות לגבי הטיפול בבנייה לעמידה ברעידות אדמה,txt\__parsed__\450 יצירת ארכיון נתונים גמיש ומערכת קבלת החלטות לגבי הטיפול בבנייה לעמידה ברעידות אדמה.txt,,X:\Data\Research Projects\corpus_architecture\processing\jsonl\450 יצירת ארכיון נתונים גמיש ומערכת קבלת החלטות לגבי הטיפול בבנייה לעמידה ברעידות אדמה.conllu,4176.0
התנהגות של מבנים מבטון מעולה סיבי עם זיון FRP (שלב א'),452 התנהגות של מבנים מבטון מעולה סיבי עם זיון FRP (שלב א'),,,,
מודל אנליטי לחיזוי עומס המגע על מבנה טמון,453 מודל אנליטי לחיזוי עומס המגע על מבנה טמון,,,,
ניתוח טכנו כלכלי של חלופות צנרת מים בבנייני מגורים,454 ניתוח טכנו כלכלי של חלופות צנרת מים בבנייני מגורים,,,,
צמצום הפגיעות הסיסמית של מבנים לא סדירים - מבנים אקסצנטריים ומבנים נסוגים עם מסגרות היקפיות,458 צמצום הפגיעות הסיסמית של מבנים לא סדירים - מבנים אקסצנטריים ומבנים נסוגים עם מסגרות היקפיות,,,,
איפיון התנהגות עד כשל של רכיבים ומערכות בניין למטרות תחזוקה,459 איפיון התנהגות עד כשל של רכיבים ומערכות בניין למטרות תחזוקה,,,,
שיפור האמינות של איתור ומיפוי חללים קרסטיים בקרבת יסודות באיזורי בנייה סלעיים באמצעות שיטת מכם חודר קרקע,462 שיפור האמינות של איתור ומיפוי חללים קרסטיים בקרבת יסודות באיזורי בנייה סלעיים באמצעות שיטת מכם חודר קרקע,,,,
בחינת חלופות לחול טבעי בחומרי ומוצרי בנייה,465 בחינת חלופות לחול טבעי בחומרי ומוצרי בנייה,,,,
תוכנית ככל ארצית לשידרוג והרחבה של בניינים קיימים - היתכנות כלכלית הנדסית ראשונית,475 תוכנית ככל ארצית לשידרוג והרחבה של בניינים קיימים - היתכנות כלכלית הנדסית ראשונית,,,,
פירים מרוכבים כמערכת הקשחה בבניינים גבוהים עם שלד פלדה - שלב ב - בדיקות דגמי קירות הקשחה,478 פירים מרוכבים כמערכת הקשחה בבניינים גבוהים עם שלד פלדה - שלב ב - בדיקות דגמי קירות הקשחה,,,,
פיתוח מודל לתנודה סייסמית של מבנים ארוכים,483 פיתוח מודל לתנודה סייסמית של מבנים ארוכים,,,,
מתודיקה להערכת עמידות סייסמית של מבני מגורים קיימים - שלב ב',484 מתודיקה להערכת עמידות סייסמית של מבני מגורים קיימים - שלב ב',,,,
התנהגות של מבנים מבטון מעולה סיבי עם זיון FRP,486 התנהגות של מבנים מבטון מעולה סיבי עם זיון FRP,,,,
חיזוי עומס המגע על מבנה טמון- שלב ב',490 חיזוי עומס המגע על מבנה טמון- שלב ב',,,,
תגובת מיכלי נוזלים ברעידות אדמה- שלב א',492 תגובת מיכלי נוזלים ברעידות אדמה- שלב א',,,,
עלויות אי איכות בבניה למגורים בישראל,496 עלויות אי איכות בבניה למגורים בישראל,,,,
בדיקת מודלים של כלונסאות בתנאי רעידות אדמה - שלב ב',497 בדיקת מודלים של כלונסאות בתנאי רעידות אדמה - שלב ב',,,,
התגובה הסיסמית של בניינים עם קירות הקשחה משיכים,499 התגובה הסיסמית של בניינים עם קירות הקשחה משיכים,,,,
פיתוח והכנה של אריחי רצפה ייעודיים רב שכבתיים לבידוד תרמי או אקוסטי,500 פיתוח והכנה של אריחי רצפה ייעודיים רב שכבתיים לבידוד תרמי או אקוסטי,,,,
גישה רציונאלית לתכנון קירות תומכים בקרקע משוריינת,501 גישה רציונאלית לתכנון קירות תומכים בקרקע משוריינת,,,,
אנליזה של בטון מזוין הנתון בכליאה חלקית ברכיבים בעלי חתך עגול,502 אנליזה של בטון מזוין הנתון בכליאה חלקית ברכיבים בעלי חתך עגול,,,,
משיכות ברכיבי בטון מזוין משודרגים באמצעות חומרים מרוכבים,504 משיכות ברכיבי בטון מזוין משודרגים באמצעות חומרים מרוכבים,,,,
היבטים של קורוזיה במבני בטון מזוין והשפעתם על בטיחות המבנים,505 היבטים של קורוזיה במבני בטון מזוין והשפעתם על בטיחות המבנים,,,,
פיתוח שיטה אולטרא-סונית לאפיון טיב מערכות שכבתיות בבנייה,506 פיתוח שיטה אולטרא-סונית לאפיון טיב מערכות שכבתיות בבנייה,,,,
שימוש בחומרים אינרטיים ממוחזרים לבנייה,511 שימוש בחומרים אינרטיים ממוחזרים לבנייה,,,,
פיתוח תהליך סיסטמתי ומודל פרקטי לבחירת ציוד בפרויקטי בנייה,512 פיתוח תהליך סיסטמתי ומודל פרקטי לבחירת ציוד בפרויקטי בנייה,,,,
שימוש ברכיבים טרומים לבנייה מוגנת(מרחבים מוגנים) שיקולים וניסויים ראשוניים,515 שימוש ברכיבים טרומים לבנייה מוגנת(מרחבים מוגנים) שיקולים וניסויים ראשוניים,,,,
קיים בטונים יצוקים ביבש,516 קיים בטונים יצוקים ביבש,,,,
"טכנולוגיות לניהול ובקרת חומרים, כא וצמה בפרויקטי בנייה","523 טכנולוגיות לניהול ובקרת חומרים, כא וצמה בפרויקטי בנייה",,,,
יפור תכונות אקוסטיות של רצפות קונבנציונליות,68 שיפור תכונות אקוסטיות של רצפות קונבנציונליות,,,,
יתוח דלת כניסה אקוסטית לדירות בבתי מגורים,74 פיתוח דלת כניסה אקוסטית לדירות בבתי מגורים,,,,
כנון תקרות ומחיצות נגד רעש,85 תכנון תקרות ומחיצות נגד רעש,,,,
יתוח מערכת מומחה לתכנון התקדמות העבודה בפרוייקטים של בנייה מחזורית,90 פיתוח מערכת מומחה לתכנון התקדמות העבודה בפרוייקטים של בנייה מחזורית,,,,
יצור חול מאבן גרוסה כאגרגט דק לבטון,91 ייצור חול מאבן גרוסה כאגרגט דק לבטון,,,,
תחומי מובנות דיבור בחדרים עם חלונות פתוחים החשופים למקורות רעש חיצוניים,97 תחומי מובנות דיבור בחדרים עם חלונות פתוחים החשופים למקורות רעש חיצוניים,,,,
אגרגטים ממוחזרים כתחליפים לאגרגטים דקים בייצור בטון,אגרגטים ממוחזרים כתחליפים לאגרגטים דקים בייצור בטון,,,,
אופטימיזציית הפסד עלות מרובת מטרות לשדרוג סיסמי של מבנים באמצעות מרסנים ויסקוזיים,אופטימיזציית הפסד-עלות מרובת מטרות לשדרוג סיסמי של מבנים באמצעות מרסנים ויסקוזיים,,,,
אופטימיזצית התקן של בטונים בעלי עבידות משופרת לשיפור קיים ותפקוד ארוך טווח  שלב א',אופטימיזצית התקן של בטונים בעלי עבידות משופרת לשיפור קיים ותפקוד ארוך טווח- שלב א',,,,
אורך דיפוזיה של ראדון בחומרי איטום,אורך דיפוזיה של ראדון בחומרי איטום,,,,
איתור הזדמנות לשילוב ואינטגרציה של ציוד  כלים,איתור הזדמנות לשילוב ואינטגרציה של ציוד  כלים,,,,
אנאליזה וחישוב של התפקוד התרמי והאנרגטי של גשרים תרמיים ופתרונותיהם בבנייה עם שלד מבטון,אנאליזה וחישוב של התפקוד התרמי והאנרגטי של גשרים תרמיים ופתרונותיהם בבנייה עם שלד מבטון,,,,
אסטרטגיה למינוף תכנית תכנן ובנה לקידום תיעוש הבניה ואיכות החיים בישראל,אסטרטגיה למינוף תכנית תכנן ובנה לקידום תיעוש הבניה ואיכות החיים בישראל,,,,
בדיקה ניסויית של אמצעי שידרוג מחבר עמוד קורה התנהגות של חללים תת קרקעיים רדודים מדופנים בעמיסה דינמית – שלב ג',בדיקה ניסויית של אמצעי שידרוג מחבר עמוד-קורה התנהגות של חללים תת-קרקעיים רדודים מדופנים בעמיסה דינמית – שלב ג',,,,
בחינה מחדש של קריטריוני התכן ואופן החישוב של שקיעות בקורות ותקרות מבטון מזוין,בחינה מחדש של קריטריוני התכן ואופן החישוב של שקיעות בקורות ותקרות מבטון מזוין,,,,
בחינה של דרישות התקנים לתכולה מינימלית של צמנט להבטחת קיים של בטון מזוין,בחינה של דרישות התקנים לתכולה מינימלית של צמנט להבטחת קיים של בטון מזוין,,,,
בחינת ההשפעה של מנהל פרויקט מטעם היזם על התוצאות של פרויקטי בנייה,בחינת ההשפעה של מנהל פרויקט מטעם היזם על התוצאות של פרויקטי בנייה,,,,
בחינת השפעת איכות האבן על תכונות בטון,בחינת השפעת איכות האבן על תכונות בטון,,,,
בחינת תרומה של ספיני קירות בני לצמצום הסכנה להתמוטטות בשרשרת של בנייני קומות הכוללים שלד מסגרתי מבטון מזויין שלב א',בחינת תרומה של ספיני קירות בני לצמצום הסכנה להתמוטטות בשרשרת של בנייני קומות הכוללים שלד מסגרתי מבטון מזויין שלב א',,,,
בטון בעל משיכות משופרת המכיל תוצרי מחזור צמיגי ליישום במעקות בטיחות לכבישים,בטון בעל משיכות משופרת המכיל תוצרי מחזור צמיגי ליישום במעקות בטיחות לכבישים,,,,
בטון בעל תכונות מעולות (HPC) שילוב אגרגט גס וסוגי סיבים שונים והשפעתם על תכונות הבטון הקשוי והטרי,בטון בעל תכונות מעולות (HPC) שילוב אגרגט גס וסוגי סיבים שונים והשפעתם על תכונות הבטון הקשוי והטרי,,,,
בטונים בעלי חוזק גבוה שלב א'   חלק ב'  תכונות בטונים מאגרגטים מקומיים,בטונים בעלי חוזק גבוה שלב א'   חלק ב'- תכונות בטונים מאגרגטים מקומיים,,,,
בלייה של בטון מזויין בתנאי גשם חומצי וקרינת UV בישראל,בלייה של בטון מזויין בתנאי גשם חומצי וקרינת UV בישראל,,,,
בעיות גז ראדון – 222 בנייה למגורים,בעיות גז ראדון – 222 בנייה למגורים,,,,
גורמים טכנולוגיים המשפיעים על חוזק החיבור של חיפוי חוץ קשיח   שלב ב',גורמים טכנולוגיים המשפיעים על חוזק החיבור של חיפוי חוץ קשיח - שלב ב',,,,
גישה ישירה לתכן סייסמי מבוסס הזזות של בניינים בהתחשב בצורות תנודה רבות,גישה ישירה לתכן סייסמי מבוסס הזזות של בניינים בהתחשב בצורות תנודה רבות,,,,
גישה משולבת להארכת מחזור החיים של מבנים מבטון מזוין,גישה משולבת להארכת מחזור החיים של מבנים מבטון מזוין,,,,
הגורמים המשפיעים על בחירת טפסות וציוד עיקרי אחר בהקמת בניינים רבי קומות,הגורמים המשפיעים על בחירת טפסות וציוד עיקרי אחר בהקמת בניינים רבי קומות,,,,
ההתנהגות המכנית של לוחות זכוכית,ההתנהגות המכנית של לוחות זכוכית,,,,
היבטים כלכליים הנדסיים של צמצום הנזק לתשתית הבנייה ברעידות אדמה שלב א',היבטים כלכליים הנדסיים של צמצום הנזק לתשתית הבנייה ברעידות אדמה שלב א',,,,
היבטים של קורוזיה במבני בטון מזויין והשפעתם על בטיחות המבנים (שלב ב'),היבטים של קורוזיה במבני בטון מזויין והשפעתם על בטיחות המבנים (שלב ב'),,,,
הכנת תרחישי נזק ריאליים ונתונים לקבלת החלטות באירועי רעידת אדמה חזקה שלב א' – חלק 1,הכנת תרחישי נזק ריאליים ונתונים לקבלת החלטות באירועי רעידת אדמה חזקה שלב א' – חלק 1,,,,
הכשרת עובדים לבטיחות בבנייה באמצעות מציאות מדומה,הכשרת עובדים לבטיחות בבנייה באמצעות מציאות מדומה,,,,
הנצלה של שארית צמנט פעיל בפסולת בנייה לשימוש נוסף בבטון חדש,הנצלה של שארית צמנט פעיל בפסולת בנייה לשימוש נוסף בבטון חדש,,,,
הערכה משולבת של תגובות אתר וסיכוני התנזלות בזמן רעידות אדמה בעמק זבולון,הערכה משולבת של תגובות אתר וסיכוני התנזלות בזמן רעידות אדמה בעמק זבולון,,,,
הערכת הכדאיות הכלכלית של שילוב טכנולוגיות מקדמות בתכן סיסמי של מבנים חדשים באמצעות אופטימיזציה,הערכת הכדאיות הכלכלית של שילוב טכנולוגיות מקדמות בתכן סיסמי של מבנים חדשים באמצעות אופטימיזציה,,,,
הערכת הנזק שנגרם לאלמנטי מבנה מגורים טיפוסי מפיצוץ פנימי – שלב א',הערכת הנזק שנגרם לאלמנטי מבנה מגורים טיפוסי מפיצוץ פנימי – שלב א',,,,
הערכת נזקי רעידות אדמה לבניינים באמצעות מודל בניין ממוחשב וסריקות לייזר,הערכת נזקי רעידות אדמה לבניינים באמצעות מודל בניין ממוחשב וסריקות לייזר,,,,
הערכת עמידות סיסמית של מבנים קיימים בעלי שלד בטון מזויין בהתחשב בהתנגדות המילוי של קירות בני,הערכת עמידות סיסמית של מבנים קיימים בעלי שלד בטון מזויין בהתחשב בהתנגדות המילוי של קירות בני,,,,
הפוטנציאל לשיפור הפריון,הפוטנציאל לשיפור הפריון-זקס רפאל-568,,,,
הפחתת משקל של תקרות דרוכות באמצעות תכן אופטימלי של מיקומי העמודים ופריסת כבלי הדריכה,הפחתת משקל של תקרות דרוכות באמצעות תכן אופטימלי של מיקומי העמודים ופריסת כבלי הדריכה,,,,
השפעה של תכולת דקים על תערובת בטון,השפעה של תכולת דקים על תערובת בטון,,,,
השפעת גלי הלם הנוצרים בפיצוץ פנימי בתוך מנהרת תשתית על פני קרקע ועל מנהרות סמוכות,השפעת גלי הלם הנוצרים בפיצוץ פנימי בתוך מנהרת תשתית על פני קרקע ועל מנהרות סמוכות,,,,
השפעת גלי צונאמי על בניינים ומתקנים,השפעת גלי צונאמי על בניינים ומתקנים,,,,
השפעת האשפרה על בלייה של בטון עם אפר פחם בתנאי גשם חומצי וקרינת UV בישראל,השפעת האשפרה על בלייה של בטון עם אפר פחם בתנאי גשם חומצי וקרינת UV בישראל,,,,
השפעת העיסה הצמנטית הישנה על תכונות בטון מאגרגט ממוחזר,השפעת העיסה הצמנטית הישנה על תכונות בטון מאגרגט ממוחזר,,,,
השפעת מנהור על תשתיות קבורות בסביבה עירונית,השפעת מנהור על תשתיות קבורות בסביבה עירונית,,,,
השפעת תכולת דקים בחול על תכונות מלטים לטיח,השפעת תכולת דקים בחול על תכונות מלטים לטיח,,,,
התנגדות של מישקי טיט בקירות בלוק בטון הנתונים לעמיסה של כוחות אופקיים,התנגדות של מישקי טיט בקירות בלוק בטון הנתונים לעמיסה של כוחות אופקיים,,,,
התנהגות סטטית בכפיפה של קורות מבטון עם מנת זיון נמוכה ועם סיבי פלדה,התנהגות סטטית בכפיפה של קורות מבטון עם מנת זיון נמוכה ועם סיבי פלדה,,,,
התנהגות סיסמית של מנהרה מדופנת והשפעתה על פני קרקע,התנהגות סיסמית של מנהרה מדופנת והשפעתה על פני קרקע,,,,
התנהגות סיסמית של מנהרת תשתית,התנהגות סיסמית של מנהרת תשתית,,,,
התנהגות קירות גזירה מבטון מזויין  שלב א',התנהגות קירות גזירה מבטון מזויין- שלב א',,,,
התנהגות של חללים תת קרקעיים רדודים מדופנים בעמיסה דינמית,התנהגות של חללים תת קרקעיים רדודים מדופנים בעמיסה דינמית,,,,
התנהגות של חללים תת  קרקעיים רדודים מדופנים בעמיסה דינמית  שלב ב',התנהגות של חללים תת- קרקעיים רדודים מדופנים בעמיסה דינמית  שלב ב',,,,
התנהגות של חללים תת קרקעיים רדודים מדופנים בעמיסה דינמית שלב ד',התנהגות של חללים תת-קרקעיים רדודים מדופנים בעמיסה דינמית-שלב ד',,,,
התנהגות של מנהרה מדופנת בעמיסה סייסמית,התנהגות של מנהרה מדופנת בעמיסה סייסמית,,,,
התנהגות של מנהרה מדופנת בעמיסה סייסמית שלב ג',התנהגות של מנהרה מדופנת בעמיסה סייסמית שלב ג',,,,
התנהגות של מנהרה תת קרקעית בהשפעת פיצוץ   שלב ב',התנהגות של מנהרה תת-קרקעית בהשפעת פיצוץ   שלב ב',,,,
התנזלות  קשיחות וריסון בחול ישראלי ברעידת אדמה,התנזלות  קשיחות וריסון בחול ישראלי ברעידת אדמה,,,,
זיהוי וניתוח של גורמים שורשיים לליקויי בנייה בביצוע של פרוייקטי מגורים,זיהוי וניתוח של גורמים שורשיים לליקויי בנייה בביצוע של פרוייקטי מגורים,,,,
"זיהוי וניתוח של גורמים שורשיים לליקויי בנייה בביצוע
של פרוייקטי מגורים",זיהוי וניתוח של גורמים שורשיים לליקויי-550,,,,
זיהוי נזקים במסגרות מרחביות תוך התבססות על מדידות דינמיות גלובאליות,זיהוי נזקים במסגרות מרחביות תוך התבססות על מדידות דינמיות גלובאליות,,,,
זרימת מידע תהליכי באתר והשפעתה על זרימת העבודה של צוות ביצוע,זרימת מידע תהליכי באתר והשפעתה על זרימת העבודה של צוות ביצוע,,,,
חיזוי אמין של לחצי תפיחה ותפיחה חופשית בקרקע חרסיתית בקנה מידה המתאים לשדה,חיזוי אמין של לחצי תפיחה ותפיחה חופשית בקרקע חרסיתית בקנה מידה המתאים לשדה,,,,
חיזוי כשל של אלמנטי מבנים עשויים מגומי תחת עומסים קיצוניים,חיזוי כשל של אלמנטי מבנים עשויים מגומי תחת עומסים קיצוניים,,,,
חיזוי עומס המגע על מבנה טמון – המשך המחקר הניסויי,חיזוי עומס המגע על מבנה טמון – המשך המחקר הניסויי,,,,
חקירת מכניזם ההתנהגות של קירות מקרקע משוריינת,חקירת מכניזם ההתנהגות של קירות מקרקע משוריינת,,,,
חקירת תגובת הקרקע להעמסה מחזורית באמצעות מדידה ישירה של מאמץ גזירה בתוך הקרקע,חקירת תגובת הקרקע להעמסה מחזורית באמצעות מדידה ישירה של מאמץ גזירה בתוך הקרקע,,,,
חקירת תגובת קרקעות לעומס סטטי ומחזורי באמצעות חיישני מאמץ ועיבור,חקירת תגובת קרקעות לעומס סטטי ומחזורי באמצעות חיישני מאמץ ועיבור,,,,
חקירת תכונות צמנט רב מרכיבי,חקירת תכונות צמנט רב מרכיבי,,,,
טכנולוגיות לניהול ובקרת חומרים  כא וצמה בפרוייקטי בנייה,טכנולוגיות לניהול ובקרת חומרים  כא וצמה בפרוייקטי בנייה,,,,
יישום מתקדם של שיטות Lean Construction בהקמת בנייני מגורים,יישום מתקדם של שיטות Lean Construction בהקמת בנייני מגורים,,,,
כימות התכונות המכניות – מבניות של קירות דֶבֶּש לצורך הערכת עמידותם הסיסמית,כימות התכונות המכניות – מבניות של קירות דֶבֶּש לצורך הערכת עמידותם הסיסמית,,,,
כשל חומרים צמנטיים לאחר יישומם באתר הבנייה בתנאים רטובים,כשל חומרים צמנטיים לאחר יישומם באתר הבנייה בתנאים רטובים,,,,
מדיניות לאומית בתחום הבינוי ,מדיניות-לאומית-בתחום-הבינוי-,,,,
מודל אינטגרטיבי ליישום הפוטנציאל הקיים של האבן הטבעית בישראל בבנייה ידידותית לסביבה,מודל אינטגרטיבי ליישום הפוטנציאל הקיים של האבן הטבעית בישראל בבנייה ידידותית לסביבה,,,,
מחזור פסולת בטון לצרכי ייצור קלינקר של צמנט פורטלנד,מחזור פסולת בטון לצרכי ייצור קלינקר של צמנט פורטלנד,,,,
מחזור פסולת בטון לצרכי ייצור קלינקר של צמנט פורטלנדשלב ב',מחזור פסולת בטון לצרכי ייצור קלינקר של צמנט פורטלנדשלב ב',,,,
מחיצות קלות בבנייני מגורים   חיזוי חיי השירות ועלויות מחזור החיים במטרה לקבוע את תרומתן בתהליכי תיעוש הבנייה,מחיצות קלות בבנייני מגורים - חיזוי חיי השירות ועלויות מחזור החיים במטרה לקבוע את תרומתן בתהליכי תיעוש הבנייה,,,,
מידול התקדמות הכשל במבני בטון תחת נגיפה במהירויות גבוהות,מידול התקדמות הכשל במבני בטון תחת נגיפה במהירויות גבוהות,,,,
מידול של התפשטות כשל מבני בטון מזויין עקב אימפקט במהירות גבוהה,מידול של התפשטות כשל מבני בטון מזויין עקב אימפקט במהירות גבוהה,,,,
מכניזם ההידבקות והעיגון של מוט זיון בבטון עם אגרגטים ממוחזרים מבטון מפסולת בנייה,מכניזם ההידבקות והעיגון של מוט זיון בבטון עם אגרגטים ממוחזרים מבטון מפסולת בנייה,,,,
מנגנוני כשל קילוף במערכות אריחים מודבקים,מנגנוני כשל קילוף במערכות אריחים מודבקים,,,,
מרכיבי כוח האדם בטכנולוגיות בנייה שונות,מרכיבי כוח האדם בטכנולוגיות בנייה שונות,,,,
ניתוח התנהגות של חללים תת קרקעיים מדופנים ברעידות אדמה – שלב ה',ניתוח התנהגות של חללים תת-קרקעיים מדופנים ברעידות אדמה – שלב ה',,,,
ננו ומיקרו מתקנים לניטור מבני תחבורה ופיתוח בטונים חכמים ואינטראקטיביים,ננו-ומיקרו מתקנים לניטור מבני תחבורה ופיתוח בטונים חכמים ואינטראקטיביים,,,,
סקר לאומי על רדיואקטיביות טבעית בבטון (2012 – 2014),סקר לאומי על רדיואקטיביות טבעית בבטון (2012 – 2014),,,,
סקר על ראדון אקטיבית טבעית בבטון   שלב א',סקר על ראדון אקטיבית טבעית בבטון - שלב א',,,,
סקר על רדיואקטיביות טבעית בבטון שלב ב',סקר על רדיואקטיביות טבעית בבטון שלב ב',,,,
עדכון הנחיות לתכן מבנים מבטון מזויין לתי (תכן עמידות מבנים ברעידות אדמה) לקראת העברתם לתי 466 – חוקת הבטון,עדכון הנחיות לתכן מבנים מבטון מזויין לתי (תכן עמידות מבנים ברעידות אדמה) לקראת העברתם לתי 466 – חוקת הבטון,,,,
עומסים תרמיים בגשרים – שלב ב' גשרי טבלה וגשרי קורות מבטון,עומסים תרמיים בגשרים – שלב ב' גשרי טבלה וגשרי קורות מבטון,,,,
עומסים תרמיים בגשרים  שלב א' גשרי טבלה וגשרי קורות מבטון,עומסים תרמיים בגשרים- שלב א' גשרי טבלה וגשרי קורות מבטון,,,,
עמידות משופרת בעומס אימפקט של קירות מגן דו שכבתיים מבטון,עמידות משופרת בעומס אימפקט של קירות מגן דו-שכבתיים מבטון,,,,
פוטנציאל לשיפור הפיריון בבניה באמצעות תיעוש לפי עקרונות LEAN,פוטנציאל לשיפור הפיריון בבניה באמצעות תיעוש לפי עקרונות LEAN,,,,
פיתוח אלמנטים נבונים מצמנט מגנזיום פוספט (פוסמנט) משוריין בטקסטיל בעלי יכולות מבניות ויכולת חישה מתקדמות,פיתוח אלמנטים נבונים מצמנט מגנזיום-פוספט (פוסמנט) משוריין בטקסטיל בעלי יכולות מבניות ויכולת חישה מתקדמות,,,,
פיתוח אריחי חיפוי למעטפת בניין המבוססים על גאומטריות מורכבות,פיתוח אריחי חיפוי למעטפת בניין המבוססים על גאומטריות מורכבות,,,,
פיתוח בטונים בעלי משיכות גבוהה להתנהגות דינמית משופרת,פיתוח בטונים בעלי משיכות גבוהה להתנהגות דינמית משופרת,,,,
פיתוח בסיס נתונים ליישום עקרונות ובנייה מודעי אנרגיה בבנייני חינוך,פיתוח בסיס נתונים ליישום עקרונות ובנייה מודעי אנרגיה בבנייני חינוך,,,,
פיתוח והקמה של מערכת ניסוי לבדיקת תיפקוד של קירות חוץ   בדיקת חדירת אויר ומים דרך מישקים יבשים בבנייה,פיתוח והקמה של מערכת ניסוי לבדיקת תיפקוד של קירות חוץ - בדיקת חדירת אויר ומים דרך מישקים יבשים בבנייה,,,,
פיתוח חומרים צמנטיים ידידותיים לסביבה על ידי מחזור פסולות תעשייתיות.שלב א'n,פיתוח חומרים צמנטיים ידידותיים לסביבה על ידי מחזור פסולות תעשייתיות.שלב א'n,,,,
פיתוח מדדים כמותיים להערכת הסיכון הבטיחותי באתרי עם עגרוני צריח שלב   שלב ג' פיתוח סקלות סיכון  אינטגרציה,פיתוח מדדים כמותיים להערכת הסיכון הבטיחותי באתרי עם עגרוני צריח שלב - שלב ג' פיתוח סקלות סיכון  אינטגרציה,,,,
פיתוח מודל מבני חשמלי לקורות בטון משוריינות בטקסטיל נבון,פיתוח מודל מבני-חשמלי לקורות בטון משוריינות בטקסטיל נבון,,,,
פיתוח מערכת חדשנית לבקרת ציוד בפרויקטי סלילת כבישים,פיתוח מערכת חדשנית לבקרת ציוד בפרויקטי סלילת כבישים,,,,
פיתוח מערכת תשתית תת קרקעית נבונה באמצעות שילוב טכנולוגיות חדשות של מטריצת מגנזיום פוספט (פוסמנט) ושריון מארג אגדי סיבי פחמן,פיתוח מערכת תשתית תת קרקעית נבונה באמצעות שילוב טכנולוגיות חדשות של מטריצת מגנזיום פוספט (פוסמנט) ושריון מארג אגדי סיבי פחמן,,,,
פיתוח שיטה לא הרסנית למעקב אחר האשפרה של גשרים מבטון,פיתוח שיטה לא הרסנית למעקב אחר האשפרה של גשרים מבטון,,,,
פיתוח תהליך סיסטתי ומודל פרקטי לבחירת ציוד בפרוייקטי בנייה,פיתוח תהליך סיסטתי ומודל פרקטי לבחירת ציוד בפרוייקטי בנייה,,,,
קביעת פרמטרים לתכנון כלונסאות בישראל על בסיס תוצאות ניסויי העמסה,קביעת פרמטרים לתכנון כלונסאות בישראל על בסיס תוצאות ניסויי העמסה,,,,
קירות בני מחוזקים לכפיפה חד כיוונית מחוץ למישור באמצעות חומרים מרוכבים – צורת כשל,קירות בני מחוזקים לכפיפה חד-כיוונית מחוץ למישור באמצעות חומרים מרוכבים – צורת כשל,,,,
קירות קרקע משוריינת   הכללת אספקטים מתקדמים לתכן רציונלי,קירות קרקע משוריינת - הכללת אספקטים מתקדמים לתכן רציונלי,,,,
קר חם מודל חישובי פשוט להערכה כוללת של צריכת האנרגיה בבניינים מאוקלמים,קר-חם מודל חישובי פשוט להערכה כוללת של צריכת האנרגיה בבניינים מאוקלמים,,,,
קריטריונים לאיכות כיסוי הבטון ושיטות בדיקה,קריטריונים לאיכות כיסוי הבטון ושיטות בדיקה,,,,
קריטריונים לקביעת יעילות של אשפרת משטחי בטון בחומרי אשפרה מותזים בתנאי אקלים חם ויבש,קריטריונים לקביעת יעילות של אשפרת משטחי בטון בחומרי אשפרה מותזים בתנאי אקלים חם ויבש,,,,
קרינת גמא בבנייני מגורים בישראל,קרינת גמא בבנייני מגורים בישראל,,,,
רגישות לסדיקה של בטונים,רגישות לסדיקה של בטונים,,,,
רגישות לסדיקה של בטונים שלב ב',רגישות לסדיקה של בטונים שלב ב',,,,
שדרוג הגנה של מבנה טמון להשפעת פיצוץ קרוב באמצעות מערכת מכשולים היקפית,שדרוג הגנה של מבנה טמון להשפעת פיצוץ קרוב באמצעות מערכת מכשולים היקפית,,,,
שדרוג מיטבי של מבנים לעמיסה סייסמית לרמת תפקוד רצוייה באמצעות בקרה פסיבית,שדרוג מיטבי של מבנים לעמיסה סייסמית לרמת תפקוד רצוייה באמצעות בקרה פסיבית,,,,
שדרוג סייסמי של בנייני קומות קיימים בעלי שלד בטון מזויין באמצעות רכיבי פלדה מעוגנים – שלב' ב',שדרוג סייסמי של בנייני קומות קיימים בעלי שלד בטון מזויין באמצעות רכיבי פלדה מעוגנים – שלב' ב',,,,
שדרוג סייסמי של מבני קירות באמצעות מרסנים ויסקוזיים בקומות בודדות,שדרוג סייסמי של מבני קירות באמצעות מרסנים ויסקוזיים בקומות בודדות,,,,
שידרוג קירות מבטון מזוין בפני עומסי אימפקט וחיזוי תגובתם הדינמית בעזרת השימוש בשיטת האלמנטים הסופיים והבדידים,שידרוג קירות מבטון מזוין בפני עומסי אימפקט וחיזוי תגובתם הדינמית בעזרת השימוש בשיטת האלמנטים הסופיים והבדידים,,,,
שיטה נומרית לשחזור אקסלרוגרמה בפן ביניים סלע קרקע לפי אות תאוצה בפני הקרקע,שיטה נומרית לשחזור אקסלרוגרמה בפן ביניים סלע קרקע לפי אות תאוצה בפני הקרקע,,,,
שיטה רזה דינאמית וכמותית לתכנון פעולות להגברת הבטיחות בבנייה,שיטה רזה דינאמית וכמותית לתכנון פעולות להגברת הבטיחות בבנייה,,,,
שיטות לא הרסניות לזיהוי ואפיון נזקים של מבנים,שיטות לא הרסניות לזיהוי ואפיון נזקים של מבנים,,,,
שיטת Lean Construction לפויקטים של תשתיות ופיתוח,שיטת Lean Construction לפויקטים של תשתיות ופיתוח,,,,
שילוב רכיבים טרומיים בבנייה למגורים פתרונות טכנולוגיים והכדאיות הכלכלית,שילוב רכיבים טרומיים בבנייה למגורים פתרונות טכנולוגיים והכדאיות הכלכלית,,,,
שימוש באגרגטים בעלי תכולת חרסית גבוהה לייצור בטון,שימוש באגרגטים בעלי תכולת חרסית גבוהה לייצור בטון,,,,
שימוש באגרגטים בעלי תכולת חרסית גבוהה לייצור בטון   שלב א',שימוש באגרגטים בעלי תכולת חרסית גבוהה לייצור בטון - שלב א',,,,
שימוש בחומרים אינרטיים ממוחזרים לבנייה,שימוש בחומרים אינרטיים ממוחזרים לבנייה,,,,
שימוש במרכיבים טרומיים לבנייה מוגנת (מרחבים מוגנים) שלב ב',שימוש במרכיבים טרומיים לבנייה מוגנת (מרחבים מוגנים) שלב ב',,,,
שימוש ברכיבים טרומיים לבנייה מוגנת שיקולים וניסויים ראשוניים,שימוש ברכיבים טרומיים לבנייה מוגנת שיקולים וניסויים ראשוניים,,,,
שימוש בשיטת חישוב ללא רשת לבחינת התנהגות חללים תת קרקעיים בתווך סלע – שלב א',שימוש בשיטת חישוב ללא רשת לבחינת התנהגות חללים תת-קרקעיים בתווך סלע – שלב א',,,,
שימוש בשיטת חישוב ללא רשת לבחינת התנהגות חללים תת קרקעיים בתוך סלע שלב ב',שימוש בשיטת חישוב ללא רשת לבחינת התנהגות חללים תת-קרקעיים בתוך סלע-שלב ב',,,,
שיפור האטימות וההידבקות בהפסקות יציקה באמצעות דבקים פולימרים,שיפור האטימות וההידבקות בהפסקות יציקה באמצעות דבקים פולימרים,,,,
שיפור התחרותיות של רכיבים מתועשים בבנייה עי תכן באמצעות מידול מידע בניין ממוחשב,שיפור התחרותיות של רכיבים מתועשים בבנייה עי תכן באמצעות מידול מידע בניין ממוחשב,,,,
שיפור תפקוד וקיים של בטונים באמצעות ננו תוספים מינרלים חרסיתיים,שיפור תפקוד וקיים של בטונים באמצעות ננו-תוספים מינרלים חרסיתיים,,,,
תגובת פני הקרקע בפעולה דינאמית בסלע בסיס –שלב ב',תגובת פני הקרקע בפעולה דינאמית בסלע בסיס –שלב ב',,,,
תגובת פני הקרקע בפעולה דינמית בסלע הבסיס – שלב א',תגובת פני הקרקע בפעולה דינמית בסלע הבסיס – שלב א',,,,
תגובת פני שכבת קרקע בפעולה דינאמית בסלע הבסיס  שלב ג',תגובת פני שכבת קרקע בפעולה דינאמית בסלע הבסיס -שלב ג',,,,
תגובת פני שכבת קרקע בפעולה דינאמית בסלע הבסיס שלב ב',תגובת פני שכבת קרקע בפעולה דינאמית בסלע הבסיס שלב ב',,,,
תחליף לחול טבעי כתשתית לעבודות ריצוף  כולל בדיקות אקוסטיות,תחליף לחול טבעי כתשתית לעבודות ריצוף  כולל בדיקות אקוסטיות,,,,
תיעוש הבנייה למגורים באמצעות יחידות מודולריות תלת ממדיות – היבטים אדריכליים  הנדסיים,תיעוש הבנייה למגורים באמצעות יחידות מודולריות תלת ממדיות – היבטים אדריכליים  הנדסיים,,,,
תכן מודלי אפקטיבי של מבני קירות אסימטריים,תכן מודלי אפקטיבי של מבני קירות אסימטריים,,,,
תכן רציונלי של קירות קרקע משוריינת תוך התחשבות באילוצים קינמטיים,תכן רציונלי של קירות קרקע משוריינת תוך התחשבות באילוצים קינמטיים,,,,
תקן ניהול בניה מטעם המזמין ניר עמדה,תקן-ניהול-בניה-מטעם-המזמין-ניר-עמדה,,,,
